Date,close,log_ret
2021-07-13,35672.984375,0.01339052699069627
2021-07-14,35667.8359375,-0.00014433356629162938
2021-07-15,35907.23046875,0.006689352478739536
2021-07-16,35751.38671875,-0.0043496233061740466
2021-07-19,35078.79296875,-0.018992298771755557
2021-07-20,34415.05078125,-0.019102767546682747
2021-07-22,34676.8984375,0.007579722756507133
2021-07-23,35033.9921875,0.010245081370308266
2021-07-26,34949.29296875,-0.002420556849137775
2021-07-27,34797.04296875,-0.004365827674899823
2021-07-28,34532.49609375,-0.007631614533839348
2021-07-29,34691.09765625,0.004582305870820393
2021-07-30,34583.94921875,-0.0030934233256504633
2021-08-02,34709.59765625,0.00362655920721171
2021-08-03,35207.0390625,0.014229797752244542
2021-08-04,36027.6328125,0.023040186165160223
2021-08-05,35834.33203125,-0.005379792992916907
2021-08-06,35808.83203125,-0.0007118613872103821
2021-08-09,36028.53125,0.006116591524970851
2021-08-10,36033.68359375,0.000142997096882122
2021-08-11,35805.98046875,-0.006339224730695897
2021-08-12,35936.6328125,0.003642256176932723
2021-08-13,36168.9296875,0.006443266527823694
2021-08-16,36094.08203125,-0.0020715351114119263
2021-08-17,35867.03125,-0.006310395277317982
2021-08-18,35554.0859375,-0.008763439375228714
2021-08-20,35033.4453125,-0.014751899025211708
2021-08-23,35123.98828125,0.002581138288005195
2021-08-24,35711.6875,0.01659369230222193
2021-08-25,35585.8359375,-0.00353032439674082
2021-08-26,35617.13671875,0.0008791987777640337
2021-08-27,35627.38671875,0.0002877414171970742
2021-08-30,36347.2265625,0.02000327096687959
2021-08-31,36424.1796875,0.0021149283117989724
2021-09-01,36573.875,0.004101356480737578
2021-09-02,36830.87109375,0.00700219420361771
2021-09-03,36760.72265625,-0.001906425861200215
2021-09-06,36591.92578125,-0.004602347060247881
2021-09-07,36468.375,-0.003382162342717743
2021-09-08,36767.7734375,0.008176293041859111
2021-09-09,36682.7734375,-0.0023144834602495104
2021-09-13,36471.375,-0.005779549908339769
2021-09-14,36612.625,0.003865419951659175
2021-09-15,36851.8203125,0.006511889029648277
2021-09-16,37668.1640625,0.02191026781355924
2021-09-17,37811.5078125,0.0037982126516244888
2021-09-20,37145.265625,-0.0177771721694232
2021-09-21,37235.41796875,0.0024240806494395984
2021-09-22,36944.21875,-0.00785123053891599
2021-09-23,37771.26171875,0.022139367763012317
2021-09-24,37829.859375,0.001550179868676714
2021-09-27,38170.8046875,0.008972226858850517
2021-09-28,37944.55859375,-0.005944838211679426
2021-09-29,37742.5625,-0.005337673580812797
2021-09-30,37424.66796875,-0.008458378060671557
2021-10-01,37225.46484375,-0.0053369924560869395
2021-10-04,37579.2109375,0.009457930991783253
2021-10-05,37740.5625,0.004284447548279347
2021-10-06,37521.11328125,-0.005831649066889259
2021-10-07,37752.76171875,0.006154835758757097
2021-10-08,37774.8125,0.0005839134145276038
2021-10-11,38293.35546875,0.013633850134250959
2021-10-12,38521.05078125,0.005928470726043001
2021-10-13,38635.30078125,0.0029615211499713166
2021-10-14,39340.44140625,0.018086646632533378
2021-10-18,39684.33984375,0.008703614309323041
2021-10-19,39540.0390625,-0.0036428418327369484
2021-10-20,39517.73828125,-0.0005641641490761123
2021-10-21,40029.734375,0.012872895817674142
2021-10-22,40323.1796875,0.0073039446166451305
2021-10-25,41191.91796875,0.021315589354565834
2021-10-26,41237.8203125,0.0011137327244242032
2021-10-27,40873.875,-0.008864698126962799
2021-10-28,39508.48828125,-0.033975563885831575
2021-10-29,39115.1484375,-0.01000572198754499
2021-11-01,39763.2890625,0.016434281237424065
2021-11-02,39937.984375,0.004383759122792278
2021-11-03,39401.59375,-0.013521594396312014
2021-11-04,39573.23828125,0.004346822832082502
2021-11-08,39437.79296875,-0.0034285198670181184
2021-11-09,39368.34375,-0.001762533721876638
2021-11-10,39022.796875,-0.008816024624720753
2021-11-11,38559.75,-0.011937024293031558
2021-11-12,38732.90234375,0.004480442271280272
2021-11-15,38701.90234375,-0.0008006735932562638
2021-11-16,38306.65625,-0.010265081482217643
2021-11-17,38041.109375,-0.00695627288204577
2021-11-18,37975.80859375,-0.0017180595861399685
2021-11-22,37128.37109375,-0.0225679441739628
2021-11-23,37272.3671875,0.0038708291576505425
2021-11-24,37441.515625,0.0045279061968597975
2021-11-25,37364.31640625,-0.0020639900408787257
2021-11-26,36025.08203125,-0.03650072323859528
2021-11-29,35976.03125,-0.0013625008448574375
2021-11-30,35694.88671875,-0.007845468742024209
2021-12-01,36364.4765625,0.0185849301507841
2021-12-02,36507.82421875,0.0039342202622614396
2021-12-03,36196.7265625,-0.008557911480964473
2021-12-06,35735.484375,-0.012824533074342503
2021-12-07,36617.97265625,0.024395020841994974
2021-12-08,37284.265625,0.018032228482851565
2021-12-09,37082.01953125,-0.005439201163381493
2021-12-10,37105.21875,0.0006254234567475055
2021-12-13,36924.8203125,-0.004873664714004366
2021-12-14,36893.51953125,-0.0008480489588950047
2021-12-15,36789.125,-0.0028336279667120308
2021-12-16,36548.22265625,-0.006569727919547287
2021-12-17,35618.234375,-0.025774849004950525
2021-12-20,34439.453125,-0.03365490790407651
2021-12-21,34607.44921875,0.004866153862142586
2021-12-22,35029.09375,0.012110011961913006
2021-12-23,35190.73828125,0.0046039647802835
2021-12-24,34856.64453125,-0.009539151071689412
2021-12-27,35057.4921875,0.005745567869400785
2021-12-28,35183.390625,0.0035847662296057477
2021-12-29,35044.9921875,-0.003941386975472989
2021-12-30,35063.1953125,0.0005192867212277838
2021-12-31,35481.28515625,0.01185336503081422
2022-01-03,36421.4765625,0.02615323732866786
2022-01-04,36839.71875,0.011417960887834356
2022-01-05,37695.4609375,0.02296311067640673
2022-01-06,37489.8125,-0.005470458267925107
2022-01-07,37739.1640625,0.006629160386206079
2022-01-10,38347.453125,0.015989724477208898
2022-01-11,38441.75390625,0.002456095909850343
2022-01-12,38727.1015625,0.007395443538689877
2022-01-13,38469.50390625,-0.006673832632993338
2022-01-14,38369.953125,-0.0025911384800170797
2022-01-17,38215.703125,-0.004028174886185262
2022-01-18,38209.85546875,-0.00015302881310933595
2022-01-19,38040.91015625,-0.004431315215625131
2022-01-20,37850.41015625,-0.0050203475002711835
2022-01-21,37573.86328125,-0.007333132999949593
2022-01-24,36947.12109375,-0.0168209523922673
2022-01-25,37706.3125,0.020339789962539868
2022-01-27,37981.66015625,0.007275895001456312
2022-01-28,37688.9609375,-0.007736177510298857
2022-01-31,37974.91015625,0.007558444366477401
2022-02-01,38505.05078125,0.013863739199237906
2022-02-02,39330.04296875,0.021199257148980553
2022-02-03,39009.546875,-0.008182271121833477
2022-02-04,38788.90234375,-0.005672224190906051
2022-02-07,37995.0078125,-0.02067940590792808
2022-02-08,38028.0078125,0.0008681581966032825
2022-02-09,38609.80078125,0.015183214554557787
2022-02-10,39010.49609375,0.010324590037426515
2022-02-11,38516.80078125,-0.012736210494940234
2022-02-14,36908.12109375,-0.0426629193614856
2022-02-15,38169.65625,0.03360925027984842
2022-02-16,37953.359375,-0.005682839948649218
2022-02-17,37531.2109375,-0.011185142523866709
2022-02-18,37598.7109375,0.0017968877506444516
2022-02-21,37685.1640625,0.002296724577552387
2022-02-22,37371.21484375,-0.008365739310007508
2022-02-23,37391.6171875,0.0005457884272746232
2022-02-24,35227.69140625,-0.05961407892079611
2022-02-25,36430.328125,0.033569156974585776
2022-02-28,36204.87890625,-0.0062077318136890556
2022-03-02,35372.390625,-0.023262296174070198
2022-03-03,34943.89453125,-0.01218782809600328
2022-03-04,34407.40234375,-0.01547203625402741
2022-03-07,32870.8671875,-0.045684955974205715
2022-03-08,33157.71484375,0.008688645189558955
2022-03-09,33815.0546875,0.019630693424052787
2022-03-10,34475.19921875,0.0193340940253629
2022-03-11,34545.84765625,0.0020471570737269113
2022-03-14,35311.73828125,0.021928078497205673
2022-03-15,35022.2421875,-0.00823208715564856
2022-03-16,35747.8359375,0.020506383369126257
2022-03-17,36428.12890625,0.01885151426673634
2022-03-21,36018.08203125,-0.011320157355513304
2022-03-22,36348.12890625,0.009121637271411787
2022-03-23,36146.9296875,-0.005550715848474638
2022-03-24,35526.6875,-0.017307837810868528
2022-03-25,35409.69140625,-0.003298623404219635
2022-03-28,35710.0859375,0.00844761693214971
2022-03-29,35846.98046875,0.00382616854299595
2022-03-30,36333.87890625,0.013491272531405238
2022-03-31,36373.1796875,0.0010810720674924797
2022-04-01,37148.06640625,0.02108004024108571
2022-04-04,38634.75,0.039240409022768846
2022-04-05,38067.45703125,-0.014792359567440634
2022-04-06,37632.36328125,-0.011495365231375872
2022-04-07,37556.9140625,-0.0020069149947807424
2022-04-08,37751.61328125,0.0051707199546353055
2022-04-11,37613.36328125,-0.003668817038860222
2022-04-12,37746.9609375,0.003545573817275385
2022-04-13,37462.96484375,-0.007552126680072597
2022-04-18,36728.57421875,-0.019797799623324955
2022-04-19,36341.1796875,-0.010603516236041185
2022-04-20,36314.4765625,-0.0007350598034777446
2022-04-21,36815.671875,0.013707155543572914
2022-04-22,36044.33203125,-0.021173994526368915
2022-04-25,36081.93359375,0.001042659441208551
2022-04-26,36404.37890625,0.008896781426584958
2022-04-27,36028.43359375,-0.01038061827010345
2022-04-28,36421.77734375,0.010858425660384568
2022-04-29,36087.73046875,-0.009213943063895672
2022-05-02,36163.328125,0.002092638787834918
2022-05-04,35264.140625,-0.025178968843346708
2022-05-05,35232.44140625,-0.0008993122779307223
2022-05-06,34590.796875,-0.01837962861109129
2022-05-09,34275.0,-0.009171434963001835
2022-05-10,34482.24609375,0.006028360155575292
2022-05-11,34692.74609375,0.006086033206013531
2022-05-12,33531.7578125,-0.034037634638871425
2022-05-13,33120.96484375,-0.012326523322621099
2022-05-16,33597.2109375,0.014276594862845033
2022-05-17,34301.5,0.020746029282794207
2022-05-18,34163.30078125,-0.004037093656067744
2022-05-19,33315.26171875,-0.0251363894711668
2022-05-20,34276.0,0.028429798939993343
2022-05-23,34247.203125,-0.0008405000169867097
2022-05-24,34289.75,0.0012415749030434367
2022-05-25,34339.1015625,0.0014382164318134708
2022-05-26,35094.4921875,0.021759508299158934
2022-05-27,35612.88671875,0.014663358414524857
2022-05-30,35826.53125,0.005981156460629871
2022-05-31,35486.984375,-0.009522723369526295
2022-06-01,35620.38671875,0.003752142659968513
2022-06-02,35613.234375,-0.00020081370746604136
2022-06-03,35274.640625,-0.009553011005114655
2022-06-06,35309.7890625,0.0009959261712769339
2022-06-07,34995.59375,-0.008938075341094838
2022-06-08,34945.7421875,-0.001425525271252663
2022-06-09,35085.04296875,0.003978277971944475
2022-06-10,34483.3984375,-0.0172969098967647
2022-06-13,33405.46484375,-0.03175849883600244
2022-06-14,33310.96484375,-0.0028328873005188013
2022-06-15,33338.61328125,0.000829665839268037
2022-06-16,32616.720703125,-0.021891221328089332
2022-06-17,32742.669921875,0.0038540559649365667
2022-06-20,32684.419921875,-0.001780608476689671
2022-06-21,33191.36328125,0.015391190574653671
2022-06-22,32844.91796875,-0.010492671133527403
2022-06-23,33134.61328125,0.00878142565204619
2022-06-24,33627.05859375,0.01475260369986105
2022-06-27,33810.85546875,0.005450860473194788
2022-06-28,33642.05859375,-0.00500489058758452
2022-06-29,33269.51171875,-0.011135614452400978
2022-06-30,33424.71484375,0.004654178124814586
2022-07-01,33539.05859375,0.0034150961112778015
2022-07-04,33940.50390625,0.011898418832196967
2022-07-05,33815.50390625,-0.0036897138969066833
2022-07-06,34323.8515625,0.014921100566017356
2022-07-07,34919.89453125,0.01721621733287406
2022-07-08,35123.640625,0.005817715166939843
2022-07-11,35469.234375,0.009791257572805514
2022-07-12,35131.83984375,-0.009557846065759627
2022-07-13,34827.39453125,-0.008703561068916338
2022-07-14,34650.796875,-0.005083553068554277
2022-07-15,34682.24609375,0.0009071928639007382
2022-07-18,35358.2890625,0.019304934286410207
2022-07-19,35719.9375,0.010176155929447754
2022-07-20,35971.68359375,0.007023055823103728
2022-07-21,36200.578125,0.006343026898242392
2022-07-22,36738.5234375,0.014750800463942008
2022-07-25,36725.97265625,-0.00034168290914534933
2022-07-26,36408.078125,-0.00869353003122671
2022-07-27,36783.32421875,0.01025391971184712
2022-07-28,37377.71484375,0.016030070789221997
2022-07-29,37490.9609375,0.003025195221778934
2022-08-01,37902.7578125,0.010924012687932463
2022-08-02,38023.55859375,0.0031820556797225474
2022-08-03,37988.80859375,-0.0009143249633357339
2022-08-04,37755.11328125,-0.006170687977511788
2022-08-05,37920.16015625,0.004361983226407309
2022-08-08,38236.953125,0.008319506407548223
2022-08-10,38287.40625,0.00131861626082225
2022-08-11,38879.3984375,0.015343483609946444
2022-08-12,39041.84765625,0.004169580499475686
2022-08-16,39239.19140625,0.00504194043467504
2022-08-17,39461.2421875,0.0056429516417755045
2022-08-18,39655.6875,0.004915400654953456
2022-08-19,38985.49609375,-0.017044698489410655
2022-08-22,38297.3046875,-0.017810161911749174
2022-08-23,38697.19921875,0.010387705792519158
2022-08-24,39038.046875,0.008769505668552526
2022-08-25,38950.296875,-0.002250337237880557
2022-08-26,38986.6953125,0.000934047853905864
2022-08-29,38276.25390625,-0.01839074063501427
2022-08-30,39536.2890625,0.03238925913614837
2022-09-01,39300.79296875,-0.005974264600430726
2022-09-02,39420.54296875,0.003042379577068134
2022-09-05,39805.2890625,0.009712718908143736
2022-09-06,39666.0390625,-0.0035044121142811737
2022-09-07,39455.44140625,-0.005323412866927494
2022-09-08,40208.48046875,0.01890596081322748
2022-09-09,40415.23046875,0.0051287754135227875
2022-09-12,40573.52734375,0.0039091123473311016
2022-09-13,40872.625,0.007344705482157109
2022-09-14,41404.91796875,0.012939141738034865
2022-09-15,41208.71875,-0.004749811179088504
2022-09-16,40776.328125,-0.010548134094414916
2022-09-19,40903.921875,0.003124227797655723
2022-09-20,41467.8203125,0.013691764475000152
2022-09-21,41202.96875,-0.006407401492636264
2022-09-22,40630.12890625,-0.01400042811729088
2022-09-23,39545.7890625,-0.02705066537478093
2022-09-26,38615.80078125,-0.023797677930456014
2022-09-27,38358.703125,-0.0066800979351983175
2022-09-28,37759.4140625,-0.015746617696308026
2022-09-29,37647.3125,-0.0029732531882483352
2022-09-30,38631.5,0.02580643529320738
2022-10-03,38029.20703125,-0.015713535263736502
2022-10-04,39109.59765625,0.028013430638574355
2022-10-06,39282.39453125,0.004408540975688077
2022-10-07,39177.59375,-0.002671446832271723
2022-10-10,39092.6484375,-0.002170565555351996
2022-10-11,38712.0,-0.009784800321141573
2022-10-12,39118.09765625,0.010435586074231949
2022-10-13,38623.55078125,-0.012723001277778413
2022-10-14,39305.14453125,0.01749320012360347
2022-10-17,39919.984375,0.01552164562429645
2022-10-18,40318.28125,0.009927935090980215
2022-10-19,40372.73046875,0.0013495735362455095
2022-10-20,40099.0859375,-0.006801029185933356
2022-10-21,40783.578125,0.016925963973544327
2022-10-24,41304.41796875,0.012689963404576737
2022-10-25,41122.2734375,-0.0044195593592475
2022-10-27,41298.8203125,0.004284028201509764
2022-10-28,40990.375,-0.007496652649825813
2022-10-31,41307.41796875,0.007704812625632214
2022-11-01,41289.0703125,-0.00044427207339156974
2022-11-02,41146.171875,-0.0034669293578777093
2022-11-03,41297.87109375,0.0036800570299636917
2022-11-04,41257.96875,-0.0009666753298806282
2022-11-07,41686.21484375,0.010326218923140264
2022-11-09,41782.71484375,0.0023122386582799916
2022-11-10,41603.265625,-0.004304068735919315
2022-11-11,42136.5625,0.012737166934584697
2022-11-14,42076.26171875,-0.0014321047207582315
2022-11-15,42372.20703125,0.007008925760447875
2022-11-16,42534.8046875,0.0038300218491151544
2022-11-17,42457.55859375,-0.0018177189581954534
2022-11-18,42436.95703125,-0.000485344966108513
2022-11-21,42346.05859375,-0.002144261363153479
2022-11-22,42456.55859375,0.0026060531196623296
2022-11-23,42728.60546875,0.006387210798324663
2022-11-24,43074.8984375,0.008071811363974089
2022-11-25,42983.44921875,-0.002125284894779547
2022-11-28,43019.94921875,0.0008488037183308766
2022-11-29,43052.94921875,0.0007667919221026045
2022-11-30,43230.49609375,0.004115438945376115
2022-12-01,43260.14453125,0.0006855872137623277
2022-12-02,43103.25,-0.0036333612105613347
2022-12-05,43332.4453125,0.005303268489738388
2022-12-06,43138.05078125,-0.0044962124081702245
2022-12-07,43098.19921875,-0.0009242416115459893
2022-12-08,43596.34375,0.01149207312436163
2022-12-09,43632.94140625,0.0008391140276306955
2022-12-12,43708.2421875,0.0017242908055181713
2022-12-13,43946.0390625,0.005425803622837524
2022-12-14,44048.58984375,0.0023308428924146006
2022-12-15,43497.6953125,-0.012585383872838056
2022-12-16,43218.99609375,-0.0064278323772524295
2022-12-19,43413.24609375,0.0044844810808273875
2022-12-20,43358.99609375,-0.0012504000288732775
2022-12-21,42617.453125,-0.017250336901878997
2022-12-22,42408.30859375,-0.004919566701529435
2022-12-23,41667.56640625,-0.01762125828948308
2022-12-26,42629.65234375,0.022827033391079436
2022-12-27,42859.0,0.005365582453229976
2022-12-28,42827.203125,-0.0007421702747905213
2022-12-29,43251.84765625,0.00986646512055285
2022-12-30,42985.94921875,-0.0061666529006613275
2023-01-02,43203.1015625,0.005038988160676737
2023-01-03,43425.25,0.005128781061849046
2023-01-04,42958.80078125,-0.010799534127373847
2023-01-05,42608.69921875,-0.008183095594790706
2023-01-06,42188.80078125,-0.00990363795007708
2023-01-09,42582.75,0.009294440200995608
2023-01-10,42014.75,-0.013428494585122396
2023-01-11,42232.69921875,0.00517403688755483
2023-01-12,42082.25,-0.0035687474124162337
2023-01-13,42371.25,0.00684402962767234
2023-01-16,42167.55078125,-0.0048190797855021264
2023-01-17,42235.05078125,0.0015994771047573803
2023-01-18,42458.0,0.00526488848112625
2023-01-19,42328.8515625,-0.003046428426166788
2023-01-20,42506.80078125,0.00419515792750505
2023-01-23,42821.25,0.007370393190682036
2023-01-24,42733.44921875,-0.0020525070598243584
2023-01-25,41647.6484375,-0.025737060707118495
2023-01-27,40345.30078125,-0.031769980432315596
2023-01-30,40387.44921875,0.001044147296588813
2023-01-31,40655.05078125,0.0066040049374642635
2023-02-01,40513.0,-0.0035001684753262117
2023-02-02,40669.30078125,0.0038506170155740214
2023-02-03,41499.69921875,0.020212652192550938
2023-02-06,41374.6484375,-0.0030178427871482417
2023-02-07,41490.94921875,0.0028069756545937956
2023-02-08,41537.6484375,0.0011248949155502636
2023-02-09,41554.30078125,0.0004008172664021137
2023-02-10,41559.3984375,0.00012266705258719035
2023-02-13,41282.19921875,-0.006692296169184863
2023-02-14,41648.3515625,0.008830394096052312
2023-02-15,41731.05078125,0.0019836852638390827
2023-02-16,41631.3515625,-0.002391948012101028
2023-02-17,41131.75,-0.012073197394344896
2023-02-20,40701.69921875,-0.010510487932183336
2023-02-21,40673.6015625,-0.0006905696715553978
2023-02-22,39995.8984375,-0.016802361957983385
2023-02-23,40001.55078125,0.0001413130997201531
2023-02-24,39909.3984375,-0.0023063769233209095
2023-02-27,40307.1015625,0.009915824889584705
2023-02-28,40269.05078125,-0.0009444676364334722
2023-03-01,40698.1484375,0.010599395254098525
2023-03-02,40389.80078125,-0.007605301292503008
2023-03-03,41251.3515625,0.0211065802103458
2023-03-06,41350.3984375,0.0023981797593974796
2023-03-08,41577.1015625,0.005467515353767443
2023-03-09,41256.75,-0.0077348367512473344
2023-03-10,40485.44921875,-0.018872104750247132
2023-03-13,39564.69921875,-0.023005344180082023
2023-03-14,39411.3984375,-0.003882211918281571
2023-03-15,39051.5,-0.009173787068851075
2023-03-16,39132.6015625,0.002074631286112104
2023-03-17,39598.1015625,0.011825257644343444
2023-03-20,39361.94921875,-0.0059815829784177765
2023-03-21,39894.69921875,0.013443869617920134
2023-03-22,39999.05078125,0.002612259953760924
2023-03-23,39616.8984375,-0.009599967906075497
2023-03-24,39395.3515625,-0.005607926761122729
2023-03-27,39431.30078125,0.0009121082825016095
2023-03-28,39567.8984375,0.0034582070130840335
2023-03-29,39910.1484375,0.008612494367662786
2023-03-31,40608.6484375,0.017350421265369773
2023-04-03,40813.05078125,0.005020842726372889
2023-04-05,40999.1484375,0.004549394320132018
2023-04-06,41041.0,0.0010202703658523248
2023-04-10,40834.6484375,-0.005040619606688802
2023-04-11,41366.5,0.012940427094768902
2023-04-12,41557.94921875,0.004617445414658967
2023-04-13,42132.55078125,0.01373179970220625
2023-04-17,42262.55078125,0.003080749958529263
2023-04-18,42265.19921875,6.26643321482048e-05
2023-04-19,42154.0,-0.002634454818158824
2023-04-20,42269.5,0.0027362066737507567
2023-04-21,42118.0,-0.0035905830310196166
2023-04-24,42635.75,0.012217900462657947
2023-04-25,42678.5,0.0010021773285946375
2023-04-26,42829.8984375,0.0035411397821429047
2023-04-27,43000.8515625,0.0039834989455577
2023-04-28,43233.8984375,0.005404954321621839
2023-05-02,43352.1015625,0.0027303074037265326
2023-05-03,43312.69921875,-0.0009093044952446459
2023-05-04,43685.44921875,0.008569200325486675
2023-05-05,42661.19921875,-0.02372525310222511
2023-05-08,43284.0,0.014493227979497045
2023-05-09,43198.1484375,-0.0019854176209196744
2023-05-10,43331.05078125,0.0030718520328054146
2023-05-11,43475.30078125,0.0033234925827626636
2023-05-12,43793.55078125,0.0072935853999033864
2023-05-15,44072.1015625,0.00634040053149548
2023-05-16,43903.69921875,-0.0038283834403819313
2023-05-17,43698.69921875,-0.0046802456978711085
2023-05-18,43752.30078125,0.0012258652093733874
2023-05-19,43969.3984375,0.004949701189467548
2023-05-22,43885.1015625,-0.0019190115672923713
2023-05-23,43954.44921875,0.0015789623248502675
2023-05-24,43677.8515625,-0.006312708266810048
2023-05-25,43681.3984375,8.12020479102275e-05
2023-05-26,44018.0,0.007676294737785179
2023-05-29,44311.8984375,0.006654587569326416
2023-05-30,44436.3515625,0.002804634605837507
2023-05-31,44128.1484375,-0.00695999794844743
2023-06-01,43790.19921875,-0.007687835184272107
2023-06-02,43937.8515625,0.0033661407464229674
2023-06-05,44101.6484375,0.00372099032800276
2023-06-06,44164.55078125,0.0014252874816249176
2023-06-07,44275.30078125,0.002504528353107374
2023-06-08,43995.25,-0.006345303578787254
2023-06-09,43989.0,-0.00014207088224336455
2023-06-12,43944.19921875,-0.001018973164275824
2023-06-13,44079.8515625,0.003082167883316617
2023-06-14,43988.0,-0.0020859279334045733
2023-06-15,43443.6015625,-0.012453288362431057
2023-06-16,43938.1484375,0.011319346554957662
2023-06-19,43633.75,-0.0069519941648089716
2023-06-20,43766.5,0.003037751083869339
2023-06-21,43859.19921875,0.002115800596355233
2023-06-22,43724.8515625,-0.003067859054753736
2023-06-23,43622.8984375,-0.0023344200920940887
2023-06-26,43641.05078125,0.00041603306232032886
2023-06-27,44121.5,0.010948952922037057
2023-06-28,44327.80078125,0.004664845364139417
2023-06-30,44747.3515625,0.009420222650310686
2023-07-03,45158.1015625,0.009137440357804626
2023-07-04,45301.44921875,0.003169323194759028
2023-07-05,45151.80078125,-0.003308860080453837
2023-07-06,45339.8984375,0.004157241576324144
2023-07-07,44925.0,-0.00919297238740138
2023-07-10,44860.8515625,-0.0014289210894276783
2023-07-11,44745.05078125,-0.00258467004267641
2023-07-12,44639.44921875,-0.0023628618302310627
2023-07-13,44665.05078125,0.0005733543819480937
2023-07-14,44819.30078125,0.0034475335650226897
2023-07-17,45449.75,0.01396845240404614
2023-07-18,45410.8515625,-0.000856222371578045
2023-07-19,45669.30078125,0.005675219151024789
2023-07-20,46186.8984375,0.011269857428611798
2023-07-21,46075.19921875,-0.0024213469270947235
2023-07-24,45923.05078125,-0.003307640660877903
2023-07-25,45845.0,-0.0017010451765266657
2023-07-26,46062.3515625,0.0047298059187539645
2023-07-27,45679.30078125,-0.00835068908033899
2023-07-28,45468.1015625,-0.004634242804489082
2023-07-31,45651.1015625,0.004016721827411335
2023-08-01,45592.5,-0.0012845080543512574
2023-08-02,44995.69921875,-0.013176317022579312
2023-08-03,44513.44921875,-0.0107755391414209
2023-08-04,44879.5,0.008189747187567145
2023-08-07,44837.5,-0.0009362774740161744
2023-08-08,44964.44921875,0.0028273173226376906
2023-08-09,44880.69921875,-0.0018643193475417655
2023-08-10,44541.80078125,-0.007579749169349342
2023-08-11,44199.1015625,-0.0077236294273555234
2023-08-14,44090.94921875,-0.0024499339821140898
2023-08-16,43946.3984375,-0.003283854295877549
2023-08-17,43891.3515625,-0.0012533764174591517
2023-08-18,43851.05078125,-0.0009186159258807088
2023-08-21,44002.0,0.003436405815228699
2023-08-22,43993.25,-0.0001988743717153192
2023-08-23,44479.05078125,0.010982096306049152
2023-08-24,44496.19921875,0.00038546534485323823
2023-08-25,44231.44921875,-0.005967717850931622
2023-08-28,44494.6484375,0.005932865249995644
2023-08-29,44495.25,1.3519792933261855e-05
2023-08-30,44232.6015625,-0.005920332793684393
2023-08-31,43989.1484375,-0.00551913202767963
2023-09-01,44436.1015625,0.010109260226866475
2023-09-04,44578.30078125,0.0031949737563430865
2023-09-05,44532.1484375,-0.0010358459256198218
2023-09-06,44409.1015625,-0.0027669265611331073
2023-09-07,44878.3515625,0.010511092072095685
2023-09-08,45156.3984375,0.006176454289573154
2023-09-11,45570.69921875,0.009132964058589295
2023-09-12,45511.3515625,-0.0013031692663896396
2023-09-13,45909.44921875,0.008709181480549116
2023-09-14,46000.8515625,0.0019889473346230073
2023-09-15,46231.5,0.0050014753910877
2023-09-18,45979.8515625,-0.0054580929130551405
2023-09-20,45384.6015625,-0.013030416140942079
2023-09-21,44623.8515625,-0.016904370408570107
2023-09-22,44612.05078125,-0.0002644850561006651
2023-09-25,44766.1015625,0.003447172038334627
2023-09-26,44624.19921875,-0.0031748961958367318
2023-09-27,44588.30078125,-0.0008047849670742244
2023-09-28,44300.94921875,-0.00646540641249693
2023-09-29,44584.55078125,0.006381300096807636
2023-10-03,44399.05078125,-0.004169313569187289
2023-10-04,43964.05078125,-0.009845818138615875
2023-10-05,44213.3515625,0.005654542748643619
2023-10-06,44360.6015625,0.0033249082932183165
2023-10-09,43886.5,-0.010744967608450853
2023-10-10,44360.1484375,0.010734752974331987
2023-10-11,44516.8984375,0.0035273485795833917
2023-10-12,44599.19921875,0.0018470468705989987
2023-10-13,44287.94921875,-0.007003290747943073
2023-10-16,44225.8984375,-0.0014020583910387882
2023-10-17,44409.5,0.004142855525817454
2023-10-18,43888.69921875,-0.011796544557655627
2023-10-19,43754.5,-0.0030624013004157766
2023-10-20,43723.05078125,-0.0007190237912254774
2023-10-23,43151.19921875,-0.013165231862780173
2023-10-25,42832.0,-0.007424722225045077
2023-10-26,42280.1484375,-0.012967814961403716
2023-10-27,42782.0,0.011799781563020518
2023-10-30,43039.1484375,0.0059926769041118025
2023-10-31,42845.94921875,-0.004499023693386043
2023-11-01,42700.94921875,-0.0033899566555351656
2023-11-02,43017.19921875,0.007378867618745069
2023-11-03,43318.25,0.006974006718013384
2023-11-06,43619.3984375,0.0069279454279152055
2023-11-07,43737.8984375,0.002712997698476701
2023-11-08,43658.6484375,-0.0018135732944865352
2023-11-09,43683.6015625,0.0005713872880284785
2023-11-10,43820.1015625,0.0031198704933572217
2023-11-13,43891.25,0.0016223317013714822
2023-11-15,44201.69921875,0.007048248621603333
2023-11-16,44161.55078125,-0.0009087135265565869
2023-11-17,43583.94921875,-0.013165573290044663
2023-11-20,43584.94921875,2.2943963224710202e-05
2023-11-21,43689.1484375,0.0023878624026896504
2023-11-22,43449.6015625,-0.005498070110800117
2023-11-23,43577.5,0.0029392804605423597
2023-11-24,43769.1015625,0.004387162554432283
2023-11-28,43880.94921875,0.002552142661924442
2023-11-29,44566.44921875,0.015501048944210703
2023-11-30,44481.75,-0.0019023235738802606
2023-12-01,44814.19921875,0.007446043357425682
2023-12-04,46431.3984375,0.035450884792819264
2023-12-05,47012.25,0.01243228520385516
2023-12-06,46834.55078125,-0.003787010950670952
2023-12-07,46841.3984375,0.00014619881238039066
2023-12-08,47262.0,0.00893919603986232
2023-12-11,47314.25,0.0011049286753463932
2023-12-12,47097.55078125,-0.004590519352373194
2023-12-13,47092.25,-0.00011255531303025591
2023-12-14,47732.30078125,0.013499889987558984
2023-12-15,48143.55078125,0.00857885516565085
2023-12-18,47867.69921875,-0.005746249976686683
2023-12-19,47870.8984375,6.683237125910439e-05
2023-12-20,47445.30078125,-0.00893028652393494
2023-12-21,47840.1484375,0.008287727445082323
2023-12-22,47491.8515625,-0.007307062155857616
2023-12-26,47724.8515625,0.004894109067561939
2023-12-27,48282.19921875,0.011610687193216155
2023-12-28,48508.55078125,0.0046771406385845435
2023-12-29,48292.25,-0.004468994873993824
2024-01-01,48234.30078125,-0.0012006898670445375
2024-01-02,47761.6484375,-0.009847418918832469
2024-01-03,47704.94921875,-0.0011878337933608964
2024-01-04,48195.8515625,0.010237800466125754
2024-01-05,48159.0,-0.0007649135191266647
2024-01-08,47450.25,-0.0148262429194308
2024-01-09,47242.6484375,-0.0043847405357086006
2024-01-10,47360.8515625,0.0024989178309646905
2024-01-11,47438.3515625,0.0016350352051615789
2024-01-12,47709.80078125,0.005705837654604986
2024-01-15,48158.30078125,0.009356673695781043
2024-01-16,48125.1015625,-0.0006896146014280258
2024-01-17,46064.44921875,-0.043762417116141934
2024-01-18,45713.55078125,-0.007646715930118124
2024-01-19,45701.1484375,-0.00027134244125044915
2024-01-23,45015.05078125,-0.015126531851827359
2024-01-24,45082.3984375,0.001494996126473156
2024-01-25,44866.1484375,-0.004808313733847838
2024-01-29,45442.3515625,0.01276094596054244
2024-01-30,45367.75,-0.0016430238045943679
2024-01-31,45996.80078125,0.013770345632241544
2024-02-01,46188.6484375,0.004162217244493407
2024-02-02,45970.94921875,-0.004724404819613506
2024-02-05,45825.55078125,-0.0031678453773811275
2024-02-06,45690.80078125,-0.0029448310619688512
2024-02-07,45818.5,0.002790957870991246
2024-02-08,45012.0,-0.017758818805579425
2024-02-09,45634.55078125,0.013736001299759727
2024-02-12,44882.25,-0.016622728539881292
2024-02-13,45502.3984375,0.013722643832086906
2024-02-14,45908.30078125,0.008880908143721852
2024-02-15,46218.8984375,0.006742825911957405
2024-02-16,46384.8515625,0.0035841594461462744
2024-02-19,46535.5,0.0032425311992474314
2024-02-20,47094.19921875,0.01193437241933096
2024-02-21,47019.69921875,-0.0015831883876443534
2024-02-22,46919.80078125,-0.002126868360127916
2024-02-23,46811.75,-0.0023055380650685965
2024-02-26,46576.5,-0.005038117699070188
2024-02-27,46588.05078125,0.00024796515868591565
2024-02-28,45963.1484375,-0.01350413275056828
2024-02-29,46120.8984375,0.0034262211462736548
2024-03-01,47286.8984375,0.024967092850485924
2024-03-04,47456.1015625,0.0035718376004859756
2024-03-05,47581.0,0.002628415794512669
2024-03-06,47965.3984375,0.008046363185644305
2024-03-07,47835.80078125,-0.0027055555955823565
2024-03-11,47327.8515625,-0.010675379311589062
2024-03-12,47282.3984375,-0.000960849981835664
2024-03-13,46981.30078125,-0.006388433358332902
2024-03-14,46789.94921875,-0.004081247250199425
2024-03-15,46594.1015625,-0.0041944623680132565
2024-03-18,46575.8984375,-0.00039075078311927785
2024-03-19,46384.80078125,-0.004111370225024453
2024-03-20,46310.8984375,-0.0015945153881094633
2024-03-21,46684.8984375,0.008043417636968767
2024-03-22,46863.75,0.0038237170370743288
2024-03-26,46600.19921875,-0.005639639283031869
2024-03-27,46785.94921875,0.003978111273917317
2024-03-28,47124.6015625,0.007212263348418653
2024-04-01,47578.25,0.00958053321340379
2024-04-02,47545.44921875,-0.0006896448060667522
2024-04-03,47624.25,0.0016560060587600706
2024-04-04,48060.80078125,0.009124806993208444
2024-04-05,48493.05078125,0.008953612532067159
2024-04-08,48581.69921875,0.001826395888574812
2024-04-09,48730.55078125,0.003059258800255826
2024-04-10,48986.6015625,0.005240663714303768
2024-04-12,48564.55078125,-0.008652966253831182
2024-04-15,47773.25,-0.01642799754713553
2024-04-16,47484.80078125,-0.006056183136507173
2024-04-18,47069.44921875,-0.008785522260211872
2024-04-19,47574.1484375,0.010665359630509439
2024-04-22,47924.8984375,0.007345656080200329
2024-04-23,47970.44921875,0.0009500103141427059
2024-04-24,48189.0,0.004545599196794767
2024-04-25,48494.94921875,0.006328873457183694
2024-04-26,48201.05078125,-0.0060788314411224925
2024-04-29,49424.05078125,0.025056342377252933
2024-04-30,49396.75,-0.000552531081082572
2024-05-02,49231.05078125,-0.003360094686002236
2024-05-03,48923.55078125,-0.006265646258022191
2024-05-06,48895.30078125,-0.0005775982918250629
2024-05-07,48285.3515625,-0.012553058939861368
2024-05-08,48021.1015625,-0.005487704189704092
2024-05-09,47487.8984375,-0.011165621346124508
2024-05-10,47421.1015625,-0.0014075985634430799
2024-05-13,47754.1015625,0.006997649553708613
2024-05-14,47859.44921875,0.002203614404426075
2024-05-15,47687.44921875,-0.003600330070505279
2024-05-16,47977.05078125,0.006054543684896279
2024-05-17,48115.6484375,0.0028846676903923735
2024-05-21,48048.19921875,-0.0014027980671466199
2024-05-22,47781.94921875,-0.005556720706948552
2024-05-23,48768.6015625,0.020438758407350825
2024-05-24,48971.6484375,0.004154832161642912
2024-05-27,49281.80078125,0.006313333046136753
2024-05-28,49142.1484375,-0.0028377735007864874
2024-05-29,48501.3515625,-0.013125422060961147
2024-05-30,48682.3515625,0.003724908672137253
2024-05-31,48983.94921875,0.006176103989232917
2024-06-03,50979.94921875,0.039939725361496925
2024-06-04,46928.6015625,-0.08280507185362752
2024-06-05,49054.6015625,0.044306664329207206
2024-06-06,49291.8984375,0.004825740326486466
2024-06-07,49803.19921875,0.010319487659455055
2024-06-10,49780.8984375,-0.0004478783690898994
2024-06-11,49705.75,-0.0015107243629730088
2024-06-12,49895.1015625,0.003802212283286512
2024-06-13,49846.69921875,-0.0009705529110232862
2024-06-14,50002.0,0.0031107246803848657
2024-06-18,50440.8984375,0.008739318314281258
2024-06-19,51398.05078125,0.018797926255818602
2024-06-20,51783.25,0.007466488701992967
2024-06-21,51661.44921875,-0.0023548976111389904
2024-06-24,51703.94921875,0.0008223255177726104
2024-06-25,52606.0,0.017296015872525123
2024-06-26,52870.5,0.005015345682290795
2024-06-27,52811.30078125,-0.0011203296027188692
2024-06-28,52342.25,-0.008921313426579956
2024-07-01,52574.75,0.004432082133301923
2024-07-02,52168.1015625,-0.007764739541481991
2024-07-03,53089.25,0.017503232617334264
2024-07-04,53103.69921875,0.00027213141635999054
2024-07-05,52660.3515625,-0.008383760829631158
2024-07-08,52425.80078125,-0.004463978659639256
2024-07-09,52568.80078125,0.002723951256397956
2024-07-10,52189.30078125,-0.0072452947212723
2024-07-11,52270.6484375,0.0015574901826520202
2024-07-12,52278.8984375,0.0001578199095780896
2024-07-15,52455.8984375,0.003379968716949005
2024-07-16,52396.80078125,-0.0011272511427603748
2024-07-18,52620.69921875,0.00426402793328968
2024-07-19,52265.6015625,-0.006771122831425262
2024-07-22,52280.3984375,0.0002830691771813861
2024-07-23,51778.30078125,-0.009650352285402888
2024-07-24,51317.0,-0.008949076367078798
2024-07-25,50888.75,-0.008380203780163626
2024-07-26,51295.94921875,0.007969908944948765
2024-07-29,51406.25,0.002147973938197812
2024-07-30,51499.30078125,0.0018084701146688046
2024-07-31,51553.3984375,0.001049902848337241
2024-08-01,51564.0,0.00020562121810672305
2024-08-02,51350.1484375,-0.004155927509398077
2024-08-05,50092.1015625,-0.024804484852365218
2024-08-06,49748.30078125,-0.006887034348547458
2024-08-07,50119.0,0.007423869843349755
2024-08-08,50156.69921875,0.0007519113966770541
2024-08-09,50484.5,0.006514269364804872
2024-08-12,50577.94921875,0.0018493366449316277
2024-08-13,49831.8515625,-0.014861325931531793
2024-08-14,49727.30078125,-0.0021002754085631572
2024-08-16,50516.8984375,0.015753809052220322
2024-08-19,50368.3515625,-0.0029448701837599305
2024-08-20,50803.1484375,0.008595297131399825
2024-08-21,50685.55078125,-0.0023174542542376366
2024-08-22,50985.69921875,0.005904310401470354
2024-08-23,50933.44921875,-0.0010253226283482178
2024-08-26,51148.1015625,0.004205513307253468
2024-08-27,51278.75,0.002551059734062977
2024-08-28,51143.8515625,-0.002634155224423855
2024-08-29,51152.75,0.00017397327744088755
2024-08-30,51351.0,0.0038681559883432283
2024-09-02,51439.55078125,0.0017229366412050055
2024-09-03,51689.1015625,0.004839610770749729
2024-09-04,51400.25,-0.00560392153107091
2024-09-05,51473.05078125,0.0014153486444019108
2024-09-06,50576.8515625,-0.017564392290923443
2024-09-09,51117.80078125,0.01063879581679089
2024-09-10,51272.30078125,0.00301787213611479
2024-09-11,51010.0,-0.005128968634069694
2024-09-12,51772.3984375,0.014835466619373659
2024-09-13,51938.05078125,0.0031945186983693644
2024-09-16,52153.1484375,0.0041328750947581695
2024-09-17,52188.6484375,0.0006804560096334505
2024-09-18,52750.3984375,0.010706317288215363
2024-09-19,53037.6015625,0.005429799800114159
2024-09-20,53793.19921875,0.014145925158782133
2024-09-23,54105.80078125,0.005794352813654416
2024-09-24,53968.6015625,-0.002538978508845427
2024-09-25,54101.6484375,0.002462230673423336
2024-09-26,54375.3515625,0.005046299322874193
2024-09-27,53834.30078125,-0.010000129903335453
2024-09-30,52978.1015625,-0.016032174897345076
2024-10-01,52922.6015625,-0.001048151776964424
2024-10-03,51845.19921875,-0.02056815774102152
2024-10-04,51462.05078125,-0.007417682578876221
2024-10-07,50478.8984375,-0.019289261773879247
2024-10-08,51021.0,0.010681916444619825
2024-10-09,51007.0,-0.0002744344706917072
2024-10-10,51530.8984375,0.010218719212350411
2024-10-11,51172.30078125,-0.006983212134293377
2024-10-14,51816.8984375,0.012517935442152819
2024-10-15,51906.0,0.0017180696983880427
2024-10-16,51801.05078125,-0.0020239560142832065
2024-10-17,51288.80078125,-0.009938014425723158
2024-10-18,52094.19921875,0.015581183202946233
2024-10-21,51962.69921875,-0.0025274647231901728
2024-10-22,51257.1484375,-0.013671048466876334
2024-10-23,51239.0,-0.0003541291641944495
2024-10-24,51531.1484375,0.0056854880315095595
2024-10-25,50787.44921875,-0.014537187430073713
2024-10-28,51259.30078125,0.009247818775387358
2024-10-29,52320.69921875,0.020494991120592315
2024-10-30,51807.5,-0.00985714490288118
2024-10-31,51475.3515625,-0.006431843767241447
2024-11-01,51673.8984375,0.0038497055520845392
2024-11-04,51215.25,-0.008915448955357298
2024-11-05,52207.25,0.01918403487432157
2024-11-06,52317.3984375,0.002107607725449364
2024-11-07,51916.5,-0.007692323137335696
2024-11-08,51561.19921875,-0.006867222217467195
2024-11-11,51876.75,0.00610127641765172
2024-11-12,51157.80078125,-0.01395572420980314
2024-11-13,50088.3515625,-0.021126511396689276
2024-11-14,50179.55078125,0.001819111435817084
2024-11-18,50363.80078125,0.003665089802305888
2024-11-19,50626.5,0.005202476064142504
2024-11-21,50372.8984375,-0.005021853583054966
2024-11-22,51135.3984375,0.015023685067740456
2024-11-25,52207.5,0.02074917662672449
2024-11-26,52191.5,-0.0003065163483417977
2024-11-27,52301.80078125,0.0021111558615275455
2024-11-28,51906.8515625,-0.007580006091594729
2024-11-29,52055.6015625,0.002861611996177613
2024-12-02,52109.0,0.0010252704157960642
2024-12-03,52695.75,0.011197128571671565
2024-12-04,53266.8984375,0.01078028866262057
2024-12-05,53603.55078125,0.006300216004784557
2024-12-06,53509.5,-0.0017561035697197733
2024-12-09,53407.75,-0.0019033417099216408
2024-12-10,53577.69921875,0.003177055626576128
2024-12-11,53391.3515625,-0.0034841450568980784
2024-12-12,53216.44921875,-0.003281232693891202
2024-12-13,53583.80078125,0.006879253769818475
2024-12-16,53581.3515625,-4.570923843923035e-05
2024-12-17,52834.80078125,-0.014031009626021638
2024-12-18,52139.55078125,-0.013246286460896239
2024-12-19,51575.69921875,-0.01087317665718863
2024-12-20,50759.19921875,-0.01595774929545478
2024-12-23,51317.6015625,0.010940936818536123
2024-12-24,51233.0,-0.001649948033531738
2024-12-26,51170.69921875,-0.0012167683279371618
2024-12-27,51311.30078125,0.0027439287039176807
2024-12-30,50952.75,-0.007012283353431148
2024-12-31,50860.19921875,-0.001818055708094611
2025-01-01,51060.6015625,0.003932516237647942
2025-01-02,51605.55078125,0.01061604675545918
2025-01-03,50988.80078125,-0.012023223896118125
2025-01-06,49922.0,-0.021144228724655777
2025-01-07,50202.1484375,0.005596035980463355
2025-01-08,49835.05078125,-0.007339255935095342
2025-01-09,49503.5,-0.006675193260835087
2025-01-10,48734.1484375,-0.015663389834337238
2025-01-13,48041.25,-0.014319967454771185
2025-01-14,48729.1484375,0.01421736472810984
2025-01-15,48751.69921875,0.00046267102091261024
2025-01-16,49278.69921875,0.010751870547835236
2025-01-17,48540.6015625,-0.015091329802434902
2025-01-20,49350.80078125,0.016553398967217556
2025-01-21,48570.8984375,-0.01592943834498547
2025-01-22,48724.3984375,0.003155345269229849
2025-01-23,48589.0,-0.0027827314027984414
2025-01-24,48367.80078125,-0.004562848624140744
2025-01-27,48064.6484375,-0.006287372038481836
2025-01-28,48866.8515625,0.016552337280285295
2025-01-29,49165.94921875,0.00610201038691614
2025-01-30,49311.94921875,0.0029651344979147315
2025-01-31,49587.19921875,0.0055662908131055185
2025-02-03,49210.55078125,-0.007624672874087702
2025-02-04,50157.94921875,0.01906896341398504
2025-02-05,50343.05078125,0.003683580696708373
2025-02-06,50382.1015625,0.0007753928844562097
2025-02-07,50158.8515625,-0.004440983698253697
2025-02-10,49981.0,-0.003552067368259725
2025-02-11,49403.3984375,-0.011623717100814859
2025-02-12,49479.44921875,0.0015381999618260963
2025-02-13,49359.8515625,-0.00242004372095746
2025-02-14,49099.44921875,-0.005289555153079334
2025-02-17,49258.8984375,0.003242213034810687
2025-02-18,49087.30078125,-0.00348966877730114
2025-02-19,49570.1015625,0.0097874994463339
2025-02-20,49334.55078125,-0.004763198110848666
2025-02-21,48981.19921875,-0.0071881277200750845
2025-02-24,48651.94921875,-0.0067446610790008864
2025-02-25,48608.3515625,-0.0008965149977923783
2025-02-27,48743.80078125,0.0027826669034080975
2025-02-28,48344.69921875,-0.008221443538791617
2025-03-03,48114.30078125,-0.004777135895262998
2025-03-04,48245.19921875,0.0027168783154354987
2025-03-05,48489.94921875,0.005060219086961644
2025-03-06,48627.69921875,0.002836767458683978
2025-03-07,48497.5,-0.002681061100261846
2025-03-10,48216.80078125,-0.0058047259745134866
2025-03-11,47853.94921875,-0.007553876448123271
2025-03-12,48056.6484375,0.004226843028653843
2025-03-13,48060.3984375,7.802986304361546e-05
2025-03-17,48354.1484375,0.006093497681614749
2025-03-18,49314.5,0.019666137077787645
2025-03-19,49702.6015625,0.007839121602958908
2025-03-20,50062.8515625,0.007221970221284502
2025-03-21,50593.55078125,0.010544865978513278
2025-03-24,51704.94921875,0.021729393247889268
2025-03-25,51607.94921875,-0.0018777912529735028
2025-03-26,51209.0,-0.007760417401511165
2025-03-27,51575.8515625,0.007138272122071959
2025-03-28,51564.8515625,-0.00021330085423934848
2025-04-01,50827.5,-0.014402722419340411
2025-04-02,51348.05078125,0.010189429488519527
2025-04-03,51597.3515625,0.004843368677377204
2025-04-04,51502.69921875,-0.0018361265513455757
2025-04-07,49860.1015625,-0.03241310326398503
2025-04-08,50511.0,0.012970019296965426
2025-04-09,50240.1484375,-0.0053766576201205694
2025-04-11,51002.3515625,0.015057264006311015
2025-04-15,52379.5,0.026643552675940964
2025-04-16,53117.75,0.013995853937483777
2025-04-17,54290.19921875,0.021832570096618705
2025-04-21,55304.5,0.01851056209945288
2025-04-22,55647.19921875,0.006177468411529913
2025-04-23,55370.05078125,-0.004992899990833982
2025-04-24,55201.3984375,-0.0030505609853250237
2025-04-25,54664.05078125,-0.009782000526163863
2025-04-28,55432.80078125,0.013965203962897124
2025-04-29,55391.25,-0.0007498513707811542
2025-04-30,55087.1484375,-0.005505190785485016
2025-05-02,55115.3515625,0.0005118418477934279
2025-05-05,54919.5,-0.0035598133962563474
2025-05-06,54271.3984375,-0.011871120813523034
2025-05-07,54610.8984375,0.00623611202152172
2025-05-08,54365.6484375,-0.004500976055335955
2025-05-09,53595.25,-0.014272047112656998
2025-05-12,55382.8515625,0.03280956250641026
2025-05-13,54940.8515625,-0.008012826842756487
2025-05-14,54801.30078125,-0.0025432498541150574
2025-05-15,55355.6015625,0.01006392605215792
2025-05-16,55354.8984375,-1.2702047231440082e-05
2025-05-19,55420.69921875,0.001188001516239402
2025-05-20,54877.3515625,-0.009852432525205082
2025-05-21,55075.1015625,0.0035970132106267704
2025-05-22,54941.30078125,-0.0024323799791412474
2025-05-23,55398.25,0.008282648022834316
2025-05-26,55572.0,0.003131472479956106
2025-05-27,55352.80078125,-0.0039522181249083965
2025-05-28,55417.0,0.0011591467256507572
2025-05-29,55546.05078125,0.0023260146242464062
2025-05-30,55749.69921875,0.0036595946346980666
2025-06-02,55903.3984375,0.0027531581131464908
2025-06-03,55599.94921875,-0.005442885335163327
2025-06-04,55676.8515625,0.0013821812894170905
2025-06-05,55760.8515625,0.00150756904627013
2025-06-06,56578.3984375,0.014555221053401587
2025-06-09,56839.6015625,0.004606034082723467
2025-06-10,56629.1015625,-0.00371027844126405
2025-06-11,56459.75,-0.0029950200528604622
2025-06-12,56082.55078125,-0.006703268522981033
2025-06-13,55527.3515625,-0.009949006077016643
2025-06-16,55944.8984375,0.007491529557008836
2025-06-17,55714.1484375,-0.004133123735948372
2025-06-18,55828.75,0.0020548435522054083
2025-06-19,55577.44921875,-0.004511440283236665
2025-06-20,56252.8515625,0.012079204852049767
2025-06-23,56059.3515625,-0.0034457554223283485
2025-06-24,56461.8984375,0.007155067906978082
2025-06-25,56621.1484375,0.002816515997316384
2025-06-26,57206.69921875,0.010288448010729099
2025-06-27,57443.8984375,0.004137781433808544
2025-06-30,57312.75,-0.00228568011322425
2025-07-01,57459.44921875,0.0025563559753664987
2025-07-02,56999.19921875,-0.008042249090694696
2025-07-03,56791.94921875,-0.0036426423673500863
2025-07-04,57031.8984375,0.004216156440587588
2025-07-07,56949.19921875,-0.0014511043490927048
2025-07-08,57256.30078125,0.0053780650267477295
2025-07-09,57213.55078125,-0.0007469215938337628
2025-07-10,56956.0,-0.004511732180315613
2025-07-11,56754.69921875,-0.003540581368691832
2025-07-14,56765.3515625,0.00018767334418816906
2025-07-15,57006.6484375,0.004241768392862728
2025-07-16,57168.94921875,0.002843004878456688
2025-07-17,56828.80078125,-0.005967651939994163
2025-07-18,56283.0,-0.009650717495986233
2025-07-21,56952.75,0.01182944096968613
2025-07-22,56756.0,-0.0034605990542028392
2025-07-23,57210.44921875,0.00797518270644815
2025-07-24,57066.05078125,-0.0025271777548591017
2025-07-25,56528.8984375,-0.009457398434007124
2025-07-28,56084.8984375,-0.007885397934535004
2025-07-29,56222.0,0.0024415531461510712
2025-07-30,56150.69921875,-0.0012690055736690352
2025-07-31,55961.94921875,-0.0033671522520134748
2025-08-01,55617.6015625,-0.006172255526186973
2025-08-04,55619.3515625,3.1464364152093105e-05
2025-08-05,55360.25,-0.0046693631913759795
2025-08-06,55411.1484375,0.0009189816468880913
2025-08-07,55521.1484375,0.001983192256028456
2025-08-08,55004.8984375,-0.009341757331445696
2025-08-11,55510.75,0.009154451923238995
2025-08-12,55043.69921875,-0.008449294680272734
2025-08-13,55181.44921875,0.0024994309132680853
2025-08-14,55341.8515625,0.0029025998180133386
2025-08-18,55734.8984375,0.007077061859869358
2025-08-19,55865.1484375,0.0023342294701038284
2025-08-20,55698.5,-0.002987506482289818
2025-08-21,55755.44921875,0.0010219328091183762
2025-08-22,55149.3984375,-0.010929311509256646
2025-08-25,55139.30078125,-0.00018311316299395229
2025-08-26,54450.44921875,-0.012571625265719363
2025-08-28,53820.3515625,-0.011639421991661167
2025-08-29,53655.6484375,-0.0030649308484190776
2025-09-01,54002.44921875,0.006442654818862788
2025-09-02,53661.0,-0.006342920759285817
2025-09-03,54067.55078125,0.007547724504540846
2025-09-04,54075.44921875,0.0001460739486429952
2025-09-05,54114.55078125,0.0007228313929660533
2025-09-08,54186.8984375,0.0013360424543469032
2025-09-09,54216.1015625,0.0005387881462036393
2025-09-10,54536.0,0.005883092934565402
2025-09-11,54669.6015625,0.0024467907734052447
2025-09-12,54809.30078125,0.002552077004466673
2025-09-15,54887.8515625,0.0014321391758581354
2025-09-16,55147.6015625,0.004721214392373159
2025-09-17,55493.30078125,0.0062490514160239005
2025-09-18,55727.44921875,0.0042105233677184615
2025-09-19,55458.8515625,-0.004831497708986958
2025-09-22,55284.75,-0.003144230519450467
2025-09-23,55509.75,0.004061579037007668
2025-09-24,55121.5,-0.007018841311088404
2025-09-25,54976.19921875,-0.002639489592227775
2025-09-26,54389.3515625,-0.010731958730311242
2025-09-29,54461.0,0.0013164578123839447
2025-09-30,54635.8515625,0.0032054401150929768
2025-10-01,55347.94921875,0.012949318023724071
2025-10-03,55589.25,0.004350229922705428
2025-10-06,56104.8515625,0.009232452165212207
2025-10-07,56239.3515625,0.0023944282040244797
2025-10-08,56018.25,-0.003939187107666233
2025-10-09,56192.05078125,0.0030977712210964853
2025-10-10,56609.75,0.007405930136084602
2025-10-13,56625.0,0.00026935194526773895
2025-10-14,56496.44921875,-0.002272793311516435
2025-10-15,56799.8984375,0.005356747161642234
2025-10-16,57422.55078125,0.010902559272173517
2025-10-17,57713.3515625,0.005051446051080439
2025-10-20,58033.19921875,0.005526704134539504
2025-10-21,58007.19921875,-0.00044811980629483095
2025-10-23,58078.05078125,0.001220681719646265
2025-10-24,57699.6015625,-0.006537540863546357
2025-10-27,58114.25,0.007160632405374563
2025-10-28,58214.1015625,0.0017167197107454987
2025-10-29,58385.25,0.0029356691631949317
2025-10-30,58031.1015625,-0.0060841887795977856
2025-10-31,57776.3515625,-0.004399551221245255
2025-11-03,58101.44921875,0.005611057631483192
2025-11-04,57827.05078125,-0.004733934277454623
2025-11-06,57554.25,-0.004728691525114667
2025-11-07,57876.80078125,0.005588645664827148
2025-11-10,57937.55078125,0.0010490928758338147
2025-11-11,58138.1484375,0.003456328194419302
2025-11-12,58274.6484375,0.0023451040817019527
2025-11-13,58381.94921875,0.0018396012512929484
2025-11-14,58517.55078125,0.002319969261120841
2025-11-17,58962.69921875,0.007578304743652948
2025-11-18,58899.25,-0.0010766702112067637
2025-11-19,59216.05078125,0.005364276073094187
2025-11-20,59347.69921875,0.0022207207785368646
2025-11-21,58867.69921875,-0.008120814111297805
2025-11-24,58835.3515625,-0.0005496485749466078
2025-11-25,58820.30078125,-0.0002558445944972061
2025-11-26,59528.05078125,0.01196059645870062
2025-11-27,59737.30078125,0.00350898583647605
2025-11-28,59752.69921875,0.0002577360044394682
2025-12-01,59681.3515625,-0.0011947625366541435
2025-12-02,59273.80078125,-0.00685220215942046
2025-12-03,59348.25,0.001255234217161773
2025-12-04,59288.69921875,-0.0010039163455173728
2025-12-05,59777.19921875,0.008205586105955181
2025-12-08,59238.55078125,-0.00905177869866883
2025-12-09,59222.3515625,-0.0002734947738953433
2025-12-10,58960.3984375,-0.004433025191671029
2025-12-11,59209.8515625,0.00422193395606819
2025-12-12,59389.94921875,0.003037067406443612
2025-12-15,59461.80078125,0.0012090957222487563
2025-12-16,59034.6015625,-0.007210363540427461
2025-12-17,58926.75,-0.0018285920112611383
2025-12-18,58912.8515625,-0.00023588738217301678
2025-12-19,59069.19921875,0.0026503649790089404
2025-12-22,59304.0,0.0039671326067652534
2025-12-23,59299.55078125,-7.502673777943528e-05
2025-12-24,59183.6015625,-0.0019572277318867857
2025-12-26,59011.3515625,-0.0029146781210101914
2025-12-29,58932.3515625,-0.0013396223744246343
2025-12-30,59171.25,0.004045579646533765
2025-12-31,59581.8515625,0.006915241679801313
2026-01-01,59711.55078125,0.0021744583909286933
2026-01-02,60150.94921875,0.007331741049939064
2026-01-05,60044.19921875,-0.0017762784847065924
2026-01-06,60118.3984375,0.0012349804286495498
2026-01-07,59990.8515625,-0.002123848462031855
2026-01-08,59686.5,-0.005086212464532796
2026-01-09,59251.55078125,-0.0073139109779722326
2026-01-12,59450.5,0.0033520803344287207
2026-01-13,59578.80078125,0.002155785677925855
2026-01-14,59580.1484375,2.2619471871612884e-05
2026-01-16,60095.1484375,0.00860667476897364
2026-01-19,59891.3515625,-0.0033970000121344075
2026-01-20,59404.19921875,-0.00816719564873999
2026-01-21,58800.30078125,-0.010217947569373146
2026-01-22,59200.1015625,0.006776287252379773
2026-01-23,58473.1015625,-0.012356411325390662
2026-01-27,59205.44921875,0.012446739121990508
2026-01-28,59598.80078125,0.006621867481046588
2026-01-29,59957.8515625,0.006006388664420234
2026-01-30,59610.44921875,-0.005810960246959909
2026-02-02,58619.0,-0.016772005053349873
2026-02-03,60041.30078125,0.023973795661561374
2026-02-04,60238.1484375,0.003273174815404378
2026-02-05,60063.6484375,-0.0029010393346724514
2026-02-06,60120.55078125,0.0009469189522701549
2026-02-09,60669.3515625,0.009086927746540699
2026-02-10,60626.3984375,-0.0007082379522027358
2026-02-11,60745.3515625,0.00196014580141621
2026-02-12,60739.75,-9.221809805357992e-05
2026-02-13,60186.6484375,-0.009147802741315148
2026-02-16,60949.1015625,0.01258857428863483
2026-02-17,61174.0,0.00368314739573757
2026-02-18,61550.80078125,0.006140600153382305
2026-02-19,60739.55078125,-0.013267798976200373
2026-02-20,61172.0,0.007094504660357947
2026-02-23,61264.25,0.0015069069406574165
2026-02-24,61047.30078125,-0.0035474890945932903
2026-02-25,61043.3515625,-6.46932205793711e-05
2026-02-26,61187.69921875,0.0023618830474073714
2026-02-27,60529.0,-0.010823587125162515
2026-03-02,59839.6484375,-0.011454130426420892
2026-03-04,58755.25,-0.01828794787330861
2026-03-05,59055.8515625,0.005103122046475306
2026-03-06,57783.25,-0.021784691487491663
2026-03-09,56019.80078125,-0.030993727674825874
2026-03-10,56950.80078125,0.016482537304482354
2026-03-11,55735.75,-0.021565978636077933
2026-03-12,55100.94921875,-0.011454829075412338
2026-03-13,53757.8515625,-0.02467721128985809
2026-03-16,54413.3984375,0.012120686422126884
2026-03-17,54876.0,0.008465676120622942
2026-03-18,55326.05078125,0.008167784175796665
2026-03-19,53451.0,-0.034478532269772634
2026-03-20,53427.05078125,-0.0004481597292574672
2026-03-23,51437.75,-0.03794484794789285
2026-03-24,52605.6484375,0.022451160028889094
2026-03-25,53708.1015625,0.02074035849950447
2026-03-27,52274.6015625,-0.027053233886755235
2026-03-30,50275.3515625,-0.038995694910507306
2026-04-01,51448.6484375,0.023069264074741663
2026-04-02,51548.75,0.0019437693676904076
2026-04-06,52609.1015625,0.020361176416342698
2026-04-07,52716.25,0.002034618880900877
2026-04-08,55703.8984375,0.05512637722171712
2026-04-09,54821.69921875,-0.015964047662158153
2026-04-10,55912.75,0.019706353297889192
2026-04-13,55605.05078125,-0.005518401500951245
2026-04-15,56301.94921875,0.012455118028885326
2026-04-16,56086.3984375,-0.003835825511065472
2026-04-17,56565.69921875,0.008509449596209527
2026-04-20,56582.3515625,0.00029434610238978504
2026-04-21,57371.44921875,0.013849652474197128
2026-04-22,57124.44921875,-0.004314571727726197
2026-04-23,56305.0,-0.014448866333997067
2026-04-24,56089.75,-0.00383025476115808
2026-04-27,56264.30078125,0.003107158495286169
2026-04-28,55400.3515625,-0.01547430525651222
2026-04-29,55403.6015625,5.866216699440156e-05
2026-04-30,54863.3515625,-0.009799025140765394
2026-05-04,54878.5,0.00027607402974399434
2026-05-05,54547.05078125,-0.006058004370077423
2026-05-06,55981.05078125,0.02594960825333841
2026-05-07,56047.3984375,0.001184478843896927
2026-05-08,55310.55078125,-0.013234051375529382
2026-05-11,54439.8984375,-0.01586636983864761
2026-05-12,53555.19921875,-0.016384429095118183
2026-05-13,53456.1484375,-0.001851220673448104
2026-05-14,54128.94921875,0.01250748601446173
2026-05-15,53710.3515625,-0.007763398976713035
2026-05-18,53537.0,-0.003232745815053451
2026-05-19,53409.1484375,-0.002390953302664784
2026-05-20,53562.19921875,0.0028615304759552524
2026-05-21,53439.3984375,-0.002295308441254413
2026-05-22,54055.3515625,0.011460278134295019
2026-05-25,55293.6484375,0.02264949495102379
2026-05-26,55092.8984375,-0.003637222596407817
2026-05-27,54853.8515625,-0.004348418696740373
2026-05-29,54239.19921875,-0.01126852431685168
2026-06-01,53643.1015625,-0.011051001293779882
2026-06-02,53714.6484375,0.001332868574316176
2026-06-03,54185.94921875,0.008735888193194806
2026-06-04,54307.8515625,0.002247177150598156
2026-06-05,54496.25,0.0034630794810435084
2026-06-08,54063.75,-0.007967986150329098
2026-06-09,55194.5,0.020699404825640498
2026-06-10,55100.30078125,-0.001708135668893387
2026-06-11,55176.75,0.0013864939342382672
2026-06-12,56814.80078125,0.0292552000143922
2026-06-15,57198.80078125,0.006736063885749793
2026-06-16,57297.1484375,0.0017179241904810088
2026-06-17,57585.05078125,0.005012141975358964
2026-06-18,57963.80078125,0.00655569226941081
2026-06-19,57685.75,-0.004808515296856724
2026-06-22,57935.6015625,0.004321899857325419
2026-06-23,57183.75,-0.013062308683738562
2026-06-24,58150.3515625,0.016762157617961584
2026-06-25,58177.05078125,0.0004590357676848168
2026-06-29,57727.3515625,-0.007759868757846111
2026-06-30,57542.8984375,-0.0032003623213382685
2026-07-01,58033.05078125,0.008481959883035529
2026-07-02,58031.6484375,-2.416486252081444e-05
2026-07-03,57938.5,-0.0016064212866243024
2026-07-06,58291.5,0.006074181972768617
2026-07-07,58200.69921875,-0.001558916395222658
2026-07-08,56742.6015625,-0.02537208981308166
2026-07-09,57252.44921875,0.008945143712788841
2026-07-10,58045.8984375,0.01376362733011518
